Timestamp,Email Address,Score,"A biology research team collects gene expression measurements from 300 tumor samples. They have two computational goals: (1) Group the unlabeled tumor samples into new, undiscovered biological subtypes based on pattern similarity. (2) Predict the cancer stage (Stage 1, 2, 3, or 4) for each patient from their cell size and shape measurements. Which machine learning paradigms correctly classify these two goals?","In a hospital dataset of 500 patients, blood_glucose_level is missing for 4% of the patients. A few patients in the study have severe medical emergencies with extreme high sugar spikes (>500 mg/dL), making the distribution heavily skewed. Why is replacing these missing values with the column mean a bad idea, and what is the better statistical choice?","You are preparing biological data for a machine learning model: Feature Set A: Gene expression counts with a huge range (values spread from 0 all the way to 250,000+) where most values are small but a few are extremely large. Feature Set B: Blood protein measurements that contain genuine, extreme high spikes (real biological outliers). Which pair of transformations is the best choice?","You are training a machine learning model to screen healthy people for a deadly cancer during routine checkups: Missing a cancer patient (False Negative) is fatal because the disease will go untreated. Falsely flagging a healthy person (False Positive) only requires a quick, harmless follow-up scan to confirm they are healthy. Which classification evaluation metric is most critical to maximize?","A screening test looks for a rare disease gene found in only 0.5% of the population (50 sick people out of 10,000). A lazy model simply predicts 'Healthy / No Disease' for every single person. What are the Accuracy and the Recall (Sensitivity) of this model?","You run Principal Component Analysis (PCA) on tumor cell measurements without scaling the data first: cell_area: numbers range from 300 to 2500 (variance ≈ 120,000). membrane_roughness: numbers range from 0.05 to 0.16 (variance ≈ 0.0002). What will happen to Principal Component 1 (PC1)?","A linear regression model predicts patient survival time (in months). A patient actually survived for y = 24.0 months, but the model predicted y_hat = 30.0 months. What is the residual error for this patient, and what does it represent on a scatter plot?",A linear regression model is trained on standardized gene expression data to predict a patient's Disease Severity Score (where higher scores mean worse disease): Predicted Severity = -2.5 * Gene1 + 3.5 * Gene2 + 0.8 * Gene3 + 12.0. Which statement correctly describes how Gene1 and Gene2 affect disease severity?,"Suppose the same model equation from Question 8 is now used to predict Patient Survival Time (in months) instead of disease severity: Predicted Survival Months = -2.5 * Gene1 + 3.5 * Gene2 + 0.8 * Gene3 + 48.0. Now that the goal is predicting how long a patient lives, which gene is the dangerous risk factor, and why?","A linear regression model has learned the following weights for three standardized blood tests [Test_A, Test_B, Test_C]: Weights: w = [2.0, -1.5, 0.5]; Intercept (bias): b = 1.0. A new patient has test values x = [1.0, -2.0, 4.0]. Using the formula y_hat = w^T x + b, what is the predicted value for this patient?","When modeling how a drug works at different doses, the response naturally flattens out at high doses (saturation curve). Why is a Degree 3 (cubic) curve usually better than a Degree 1 (straight line) or a Degree 10 (complex high-order polynomial)?","A machine learning model predicts the radiation dose for cancer treatment. For almost every patient, the model is off by only a small amount (+-0.5 units). But for one patient, the model makes a huge mistake of 15.0 units (a dangerous, lethal overdose). Which regression evaluation metric punishes this single large mistake the most, and why?","In Scikit-Learn, which method is used to train a machine learning model (such as LinearRegression, LogisticRegression, or KMeans) on training data X_train and labels y_train?",You want to replace missing continuous values in a patient feature table using the column median in Scikit-Learn. Which code snippet correctly does this?,"After fitting a machine learning model named 'model' on training data, which Scikit-Learn method is used to generate predictions on unseen test samples X_test?",Which Scikit-Learn function is used to randomly divide feature matrix X and target labels y into training and testing subsets?,"After training a LinearRegression model object named 'model' on gene expression features, which attribute holds the learned feature weights (w1, w2, ..., wp)?",Which Scikit-Learn function from sklearn.metrics is used to calculate classification accuracy by comparing ground-truth test labels y_test against predicted labels y_pred?
9/30/2026 9:27:15,oindreebal@gmail.com,17 / 18,Goal 1 is Unsupervised Clustering; Goal 2 is Supervised Multi-Class Classification.,The mean is pulled up by the extreme high outliers and will artificially inflate the imputed values for normal patients; the median should be used because it represents a robust middle value.,"Apply a log2(count + 1) transform to compress the huge spread of gene counts, and use RobustScaler (median and IQR) on protein measurements so outliers do not crush the normal values.","Recall (Sensitivity), to avoid missing any true cancer cases and prevent fatal False Negatives.","Accuracy = 99.5%, Recall = 0.0%","PC1 will be completely dominated by cell_area simply because its numbers have much larger variance, making PCA practically blind to membrane_roughness.",-6.0 months; the vertical distance along the y-axis from the actual data point to the fitted line.,"Gene2 is a risk factor (w = +3.5) because higher expression increases the disease score, while Gene1 is protective (w = -2.5) because higher expression decreases the disease score.","Gene1, because its negative weight (w = -2.5) means higher expression is linked to shorter survival time (patients die sooner).",8,Degree 1 underfits because a straight line cannot bend to show a flattening curve; Degree 10 overfits by wiggling wildly to connect noisy lab data points. Degree 3 bends smoothly to fit the natural curve.,"Root Mean Squared Error (RMSE), because squaring the errors ((15)^2 = 225) gives huge penalties to big mistakes.","model.fit(X_train, y_train)",from sklearn.impute import SimpleImputer; imputer = SimpleImputer(strategy='median'); X_clean = imputer.fit_transform(X_train),model.predict(X_test),from sklearn.model_selection import train_test_split,model.coef_,"calculate_accuracy(y_test, y_pred)"
9/30/2026 9:27:43,anugrahapushpakaran@gmail.com,17 / 18,Goal 1 is Unsupervised Clustering; Goal 2 is Supervised Multi-Class Classification.,The mean is pulled up by the extreme high outliers and will artificially inflate the imputed values for normal patients; the median should be used because it represents a robust middle value.,"Apply a log2(count + 1) transform to compress the huge spread of gene counts, and use RobustScaler (median and IQR) on protein measurements so outliers do not crush the normal values.","Recall (Sensitivity), to avoid missing any true cancer cases and prevent fatal False Negatives.","Accuracy = 99.5%, Recall = 0.0%","PC1 will be completely dominated by cell_area simply because its numbers have much larger variance, making PCA practically blind to membrane_roughness.",-6.0 months; the vertical distance along the y-axis from the actual data point to the fitted line.,"Gene2 is a risk factor (w = +3.5) because higher expression increases the disease score, while Gene1 is protective (w = -2.5) because higher expression decreases the disease score.","Gene1, because its negative weight (w = -2.5) means higher expression is linked to shorter survival time (patients die sooner).",8,Degree 1 underfits because a straight line cannot bend to show a flattening curve; Degree 10 overfits by wiggling wildly to connect noisy lab data points. Degree 3 bends smoothly to fit the natural curve.,"Root Mean Squared Error (RMSE), because squaring the errors ((15)^2 = 225) gives huge penalties to big mistakes.","model.fit(X_train, y_train)",from sklearn.impute import SimpleImputer; imputer = SimpleImputer(strategy='median'); X_clean = imputer.fit_transform(X_train),model.predict(X_test),from sklearn.model_selection import train_test_split,model.coef_,"classification_rate(y_test, y_pred)"
9/30/2026 9:30:21,mazumsayo@gmail.com,14 / 18,Goal 1 is Unsupervised Clustering; Goal 2 is Supervised Multi-Class Classification.,The mean is pulled up by the extreme high outliers and will artificially inflate the imputed values for normal patients; the median should be used because it represents a robust middle value.,"Apply a log2(count + 1) transform to compress the huge spread of gene counts, and use RobustScaler (median and IQR) on protein measurements so outliers do not crush the normal values.","Recall (Sensitivity), to avoid missing any true cancer cases and prevent fatal False Negatives.","Accuracy = 0.5%, Recall = 99.5%","PC1 will be completely dominated by cell_area simply because its numbers have much larger variance, making PCA practically blind to membrane_roughness.",-6.0 months; the vertical distance along the y-axis from the actual data point to the fitted line.,"Gene2 is a risk factor (w = +3.5) because higher expression increases the disease score, while Gene1 is protective (w = -2.5) because higher expression decreases the disease score.","Gene1, because its negative weight (w = -2.5) means higher expression is linked to shorter survival time (patients die sooner).",2,Degree 1 underfits because a straight line cannot bend to show a flattening curve; Degree 10 overfits by wiggling wildly to connect noisy lab data points. Degree 3 bends smoothly to fit the natural curve.,"Root Mean Squared Error (RMSE), because squaring the errors ((15)^2 = 225) gives huge penalties to big mistakes.","model.fit(X_train, y_train)",from sklearn.preprocessing import MissingValueImputer; X_clean = MissingValueImputer(metric='median').fit(X_train),model.predict(X_test),from sklearn.model_selection import train_test_split,model.coef_,"calculate_accuracy(y_test, y_pred)"
9/30/2026 9:30:50,4nikitasthomas@gmail.com,13 / 18,Goal 1 is Unsupervised Clustering; Goal 2 is Supervised Multi-Class Classification.,The mean is pulled up by the extreme high outliers and will artificially inflate the imputed values for normal patients; the median should be used because it represents a robust middle value.,"Apply a log2(count + 1) transform to compress the huge spread of gene counts, and use RobustScaler (median and IQR) on protein measurements so outliers do not crush the normal values.","Recall (Sensitivity), to avoid missing any true cancer cases and prevent fatal False Negatives.","Accuracy = 99.5%, Recall = 0.0%","PC1 will be completely dominated by cell_area simply because its numbers have much larger variance, making PCA practically blind to membrane_roughness.",+6.0 months; the horizontal distance along the x-axis.,"Gene2 is a risk factor (w = +3.5) because higher expression increases the disease score, while Gene1 is protective (w = -2.5) because higher expression decreases the disease score.","Gene1, because its negative weight (w = -2.5) means higher expression is linked to shorter survival time (patients die sooner).",2,Degree 1 underfits because a straight line cannot bend to show a flattening curve; Degree 10 overfits by wiggling wildly to connect noisy lab data points. Degree 3 bends smoothly to fit the natural curve.,"Root Mean Squared Error (RMSE), because squaring the errors ((15)^2 = 225) gives huge penalties to big mistakes.","model.fit(X_train, y_train)",from sklearn.preprocessing import MissingValueImputer; X_clean = MissingValueImputer(metric='median').fit(X_train),model.predict(X_test),from sklearn.metrics import split_train_test,model.coef_,"classification_rate(y_test, y_pred)"
9/30/2026 9:31:41,aadvik3663jyo@gmail.com,17 / 18,Goal 1 is Unsupervised Clustering; Goal 2 is Supervised Multi-Class Classification.,The mean is pulled up by the extreme high outliers and will artificially inflate the imputed values for normal patients; the median should be used because it represents a robust middle value.,"Apply a log2(count + 1) transform to compress the huge spread of gene counts, and use RobustScaler (median and IQR) on protein measurements so outliers do not crush the normal values.","Recall (Sensitivity), to avoid missing any true cancer cases and prevent fatal False Negatives.","Accuracy = 99.5%, Recall = 0.0%","PC1 will be completely dominated by cell_area simply because its numbers have much larger variance, making PCA practically blind to membrane_roughness.",-6.0 months; the vertical distance along the y-axis from the actual data point to the fitted line.,"Gene2 is a risk factor (w = +3.5) because higher expression increases the disease score, while Gene1 is protective (w = -2.5) because higher expression decreases the disease score.","Gene1, because its negative weight (w = -2.5) means higher expression is linked to shorter survival time (patients die sooner).",8,Degree 1 underfits because a straight line cannot bend to show a flattening curve; Degree 10 overfits by wiggling wildly to connect noisy lab data points. Degree 3 bends smoothly to fit the natural curve.,"Root Mean Squared Error (RMSE), because squaring the errors ((15)^2 = 225) gives huge penalties to big mistakes.","model.fit(X_train, y_train)",from sklearn.impute import SimpleImputer; imputer = SimpleImputer(strategy='median'); X_clean = imputer.fit_transform(X_train),model.predict(X_test),from sklearn.preprocessing import partition_data,model.coef_,"accuracy_score(y_test, y_pred)"
9/30/2026 9:31:51,ramyadinni@gmail.com,13 / 18,Goal 1 is Unsupervised Clustering; Goal 2 is Supervised Multi-Class Classification.,The mean is pulled up by the extreme high outliers and will artificially inflate the imputed values for normal patients; the median should be used because it represents a robust middle value.,"Apply a log2(count + 1) transform to compress the huge spread of gene counts, and use RobustScaler (median and IQR) on protein measurements so outliers do not crush the normal values.","Recall (Sensitivity), to avoid missing any true cancer cases and prevent fatal False Negatives.","Accuracy = 99.5%, Recall = 0.0%","PC1 will be completely dominated by cell_area simply because its numbers have much larger variance, making PCA practically blind to membrane_roughness.",-6.0 months; the vertical distance along the y-axis from the actual data point to the fitted line.,"Gene2 is a risk factor (w = +3.5) because higher expression increases the disease score, while Gene1 is protective (w = -2.5) because higher expression decreases the disease score.",The answer does not change; Gene2 is always the risk factor regardless of what is being predicted.,6,Degree 1 underfits because a straight line cannot bend to show a flattening curve; Degree 10 overfits by wiggling wildly to connect noisy lab data points. Degree 3 bends smoothly to fit the natural curve.,"Root Mean Squared Error (RMSE), because squaring the errors ((15)^2 = 225) gives huge penalties to big mistakes.","model.fit(X_train, y_train)",from sklearn.clean import ImputeTable; X_clean = ImputeTable().fit_transform(X_train),model.predict(X_test),from sklearn.data import split_samples,model.coef_,"classification_rate(y_test, y_pred)"
9/30/2026 9:33:55,santoshimounikam3@gmail.com,12 / 18,Goal 1 is Unsupervised Clustering; Goal 2 is Supervised Multi-Class Classification.,The mean is pulled up by the extreme high outliers and will artificially inflate the imputed values for normal patients; the median should be used because it represents a robust middle value.,"Apply a log2(count + 1) transform to compress the huge spread of gene counts, and use RobustScaler (median and IQR) on protein measurements so outliers do not crush the normal values.","Recall (Sensitivity), to avoid missing any true cancer cases and prevent fatal False Negatives.","Accuracy = 99.5%, Recall = 0.0%","PC1 will be completely dominated by cell_area simply because its numbers have much larger variance, making PCA practically blind to membrane_roughness.",-6.0 months; the vertical distance along the y-axis from the actual data point to the fitted line.,"Gene2 is a risk factor (w = +3.5) because higher expression increases the disease score, while Gene1 is protective (w = -2.5) because higher expression decreases the disease score.","Gene1, because its negative weight (w = -2.5) means higher expression is linked to shorter survival time (patients die sooner).",2,Degree 1 underfits because a straight line cannot bend to show a flattening curve; Degree 10 overfits by wiggling wildly to connect noisy lab data points. Degree 3 bends smoothly to fit the natural curve.,"Root Mean Squared Error (RMSE), because squaring the errors ((15)^2 = 225) gives huge penalties to big mistakes.","model.fit(X_train, y_train)",from sklearn.preprocessing import MissingValueImputer; X_clean = MissingValueImputer(metric='median').fit(X_train),model.run(X_test),from sklearn.metrics import split_train_test,model.weights_,"calculate_accuracy(y_test, y_pred)"
9/30/2026 9:34:35,manojpv2003@gmail.com,18 / 18,Goal 1 is Unsupervised Clustering; Goal 2 is Supervised Multi-Class Classification.,The mean is pulled up by the extreme high outliers and will artificially inflate the imputed values for normal patients; the median should be used because it represents a robust middle value.,"Apply a log2(count + 1) transform to compress the huge spread of gene counts, and use RobustScaler (median and IQR) on protein measurements so outliers do not crush the normal values.","Recall (Sensitivity), to avoid missing any true cancer cases and prevent fatal False Negatives.","Accuracy = 99.5%, Recall = 0.0%","PC1 will be completely dominated by cell_area simply because its numbers have much larger variance, making PCA practically blind to membrane_roughness.",-6.0 months; the vertical distance along the y-axis from the actual data point to the fitted line.,"Gene2 is a risk factor (w = +3.5) because higher expression increases the disease score, while Gene1 is protective (w = -2.5) because higher expression decreases the disease score.","Gene1, because its negative weight (w = -2.5) means higher expression is linked to shorter survival time (patients die sooner).",8,Degree 1 underfits because a straight line cannot bend to show a flattening curve; Degree 10 overfits by wiggling wildly to connect noisy lab data points. Degree 3 bends smoothly to fit the natural curve.,"Root Mean Squared Error (RMSE), because squaring the errors ((15)^2 = 225) gives huge penalties to big mistakes.","model.fit(X_train, y_train)",from sklearn.impute import SimpleImputer; imputer = SimpleImputer(strategy='median'); X_clean = imputer.fit_transform(X_train),model.predict(X_test),from sklearn.model_selection import train_test_split,model.coef_,"accuracy_score(y_test, y_pred)"
9/30/2026 9:35:19,sreeshma2705@gmail.com,13 / 18,Goal 1 is Supervised Regression; Goal 2 is Unsupervised Dimensionality Reduction.,The mean is pulled up by the extreme high outliers and will artificially inflate the imputed values for normal patients; the median should be used because it represents a robust middle value.,"Apply a log2(count + 1) transform to compress the huge spread of gene counts, and use RobustScaler (median and IQR) on protein measurements so outliers do not crush the normal values.","Recall (Sensitivity), to avoid missing any true cancer cases and prevent fatal False Negatives.","Accuracy = 99.5%, Recall = 0.0%","PC1 will be completely dominated by cell_area simply because its numbers have much larger variance, making PCA practically blind to membrane_roughness.",-6.0 months; the vertical distance along the y-axis from the actual data point to the fitted line.,"Gene2 is a risk factor (w = +3.5) because higher expression increases the disease score, while Gene1 is protective (w = -2.5) because higher expression decreases the disease score.","Gene3, because positive numbers extend life.",6,Degree 1 underfits because a straight line cannot bend to show a flattening curve; Degree 10 overfits by wiggling wildly to connect noisy lab data points. Degree 3 bends smoothly to fit the natural curve.,"Root Mean Squared Error (RMSE), because squaring the errors ((15)^2 = 225) gives huge penalties to big mistakes.","model.fit(X_train, y_train)",from sklearn.impute import FillNaN; X_clean = FillNaN(method='median').transform(X_train),model.predict(X_test),from sklearn.model_selection import train_test_split,model.coef_,"calculate_accuracy(y_test, y_pred)"
9/30/2026 9:35:41,gundrathiprathyusha@gmail.com,16 / 18,Goal 1 is Unsupervised Clustering; Goal 2 is Supervised Multi-Class Classification.,The mean is pulled up by the extreme high outliers and will artificially inflate the imputed values for normal patients; the median should be used because it represents a robust middle value.,"Apply a log2(count + 1) transform to compress the huge spread of gene counts, and use RobustScaler (median and IQR) on protein measurements so outliers do not crush the normal values.","Recall (Sensitivity), to avoid missing any true cancer cases and prevent fatal False Negatives.","Accuracy = 99.5%, Recall = 0.0%","PC1 will be completely dominated by cell_area simply because its numbers have much larger variance, making PCA practically blind to membrane_roughness.",-6.0 months; the vertical distance along the y-axis from the actual data point to the fitted line.,Gene1 is the main risk factor because negative weights mean bad mutations.,"Gene1, because its negative weight (w = -2.5) means higher expression is linked to shorter survival time (patients die sooner).",8,Degree 1 underfits because a straight line cannot bend to show a flattening curve; Degree 10 overfits by wiggling wildly to connect noisy lab data points. Degree 3 bends smoothly to fit the natural curve.,"Root Mean Squared Error (RMSE), because squaring the errors ((15)^2 = 225) gives huge penalties to big mistakes.","model.fit(X_train, y_train)",from sklearn.preprocessing import MissingValueImputer; X_clean = MissingValueImputer(metric='median').fit(X_train),model.predict(X_test),from sklearn.model_selection import train_test_split,model.coef_,"accuracy_score(y_test, y_pred)"
9/30/2026 9:35:58,shanvithagattu@gmail.com,12 / 18,Goal 1 is Unsupervised Clustering; Goal 2 is Supervised Multi-Class Classification.,Imputing with the mean produces negative numbers; Min-Max scaling should precede mean imputation.,"Apply a log2(count + 1) transform to compress the huge spread of gene counts, and use RobustScaler (median and IQR) on protein measurements so outliers do not crush the normal values.","Recall (Sensitivity), to avoid missing any true cancer cases and prevent fatal False Negatives.","Accuracy = 99.5%, Recall = 0.0%",PC1 will give equal importance to both features because PCA scales features automatically.,-6.0 months; the vertical distance along the y-axis from the actual data point to the fitted line.,Gene1 is the main risk factor because negative weights mean bad mutations.,"Gene1, because its negative weight (w = -2.5) means higher expression is linked to shorter survival time (patients die sooner).",8,"Degree 1 models flattening curves well, while Degree 3 always underfits.","Mean Absolute Error (MAE), because it adds up error distances directly without changing them.","model.fit(X_train, y_train)",from sklearn.preprocessing import MissingValueImputer; X_clean = MissingValueImputer(metric='median').fit(X_train),model.predict(X_test),from sklearn.model_selection import train_test_split,model.coef_,"accuracy_score(y_test, y_pred)"
9/30/2026 9:35:58,rajeshsavant99154@gmail.com,10 / 18,Goal 1 is Unsupervised Clustering; Goal 2 is Supervised Multi-Class Classification.,The mean is pulled up by the extreme high outliers and will artificially inflate the imputed values for normal patients; the median should be used because it represents a robust middle value.,"Apply a log2(count + 1) transform to compress the huge spread of gene counts, and use RobustScaler (median and IQR) on protein measurements so outliers do not crush the normal values.","Recall (Sensitivity), to avoid missing any true cancer cases and prevent fatal False Negatives.","Accuracy = 0.5%, Recall = 99.5%","PC1 will be completely dominated by cell_area simply because its numbers have much larger variance, making PCA practically blind to membrane_roughness.",-6.0 months; the vertical distance along the y-axis from the actual data point to the fitted line.,Gene3 is the main driver because decimal numbers represent high biological importance.,"Gene2, because its positive weight has the biggest size.",7,Degree 1 underfits because a straight line cannot bend to show a flattening curve; Degree 10 overfits by wiggling wildly to connect noisy lab data points. Degree 3 bends smoothly to fit the natural curve.,"Root Mean Squared Error (RMSE), because squaring the errors ((15)^2 = 225) gives huge penalties to big mistakes.","model.train(X_train, y_train)",from sklearn.preprocessing import MissingValueImputer; X_clean = MissingValueImputer(metric='median').fit(X_train),model.evaluate(X_test),from sklearn.model_selection import train_test_split,model.coef_,"calculate_accuracy(y_test, y_pred)"
9/30/2026 9:37:11,sangavi0997@gmail.com,11 / 18,Goal 1 is Unsupervised Clustering; Goal 2 is Supervised Multi-Class Classification.,The mean is pulled up by the extreme high outliers and will artificially inflate the imputed values for normal patients; the median should be used because it represents a robust middle value.,"Apply a log2(count + 1) transform to compress the huge spread of gene counts, and use RobustScaler (median and IQR) on protein measurements so outliers do not crush the normal values.","Specificity, to reduce the number of healthy people getting follow-up scans.","Accuracy = 99.5%, Recall = 0.0%","PC1 will be completely dominated by cell_area simply because its numbers have much larger variance, making PCA practically blind to membrane_roughness.",-6.0 months; the vertical distance along the y-axis from the actual data point to the fitted line.,"Gene2 is a risk factor (w = +3.5) because higher expression increases the disease score, while Gene1 is protective (w = -2.5) because higher expression decreases the disease score.","Gene1, because its negative weight (w = -2.5) means higher expression is linked to shorter survival time (patients die sooner).",7,Degree 1 underfits because a straight line cannot bend to show a flattening curve; Degree 10 overfits by wiggling wildly to connect noisy lab data points. Degree 3 bends smoothly to fit the natural curve.,"R^2 Score, because it only looks at small mistakes.","model.predict(X_train, y_train)",from sklearn.impute import SimpleImputer; imputer = SimpleImputer(strategy='median'); X_clean = imputer.fit_transform(X_train),model.evaluate(X_test),from sklearn.preprocessing import partition_data,model.coef_,"classification_rate(y_test, y_pred)"